間	間[かん]  名 ① ・ 間，期間
〜やすい	〜やすい  接尾 ・ 簡單的，容易……的
〜過ぎ	〜過ぎ[〜すぎ]  接尾 ・ 超過……；過分……，過度……
〜にくい	〜にくい  接尾 ・ 難……
台	台[だい]  名・接尾・造 ① ・ （傢俱、汽車、機器等）……臺，……輛；檯子
〜達	〜達[〜たち]  接尾 ・ （人的複數）……們
〜中	〜中[〜じゅう]  接尾 ・ （附在表示年月、時間、地點的詞語後）整整……，整個……
度	度[ど]  名 ⓪ ・ 程度；……次；（角度、經緯度、溫度等）……度
〜杯	〜杯[〜はい]  接尾 ・ ……杯；計算船、章魚、烏賊等的量詞
〜番目	〜番目[〜ばんめ]  接尾・名 ・ 第……號，第……個
〜様	〜様[〜さま]  接尾 ・ （表達敬意）……先生，……女士
あ	あ  感 ① ・ （吃驚、感動）啊，呀；（打招呼）喂
アイスクリーム	アイスクリーム  名 ⑤ ・ 冰淇淋
飴[あめ]	飴[あめ][あめ]  名 ⓪ ・ 糖果
いや	いや  感 ①⓪ ・ 不，不是
インターネット	インターネット  名 ⑤ ・ 網際網路
カラオケ	カラオケ[からおけ]  名 ⓪ ・ 卡拉OK，KTV
ごみ箱	ごみ箱[ごみばこ]  名 ③⓪ ・ 垃圾桶
コンビニ	コンビニ  名 ⓪ ・ 便利商店
さあ	さあ  感 ① ・ （催促或邀請別人）快，喂；（猶豫或感到為難時）唉
ずつ	ずつ  副助 ・ 每……
スリッパ	スリッパ  名 ①② ・ （室內用）拖鞋
ゼロ	ゼロ  名 ① ・ 零，零點；什麼都沒有
センチ	センチ  名 ① ・ 公分
そうだ	そうだ  感 ① ・ 是啊，就是；（突然想到）對了
その後	その後[そのご]  名 ⓪ ・ 然後，從那以後
蕎麦[そば]	蕎麦[そば][そば]  名 ① ・ 蕎麥麵
タバコ	タバコ  名 ⓪ ・ 菸草，香菸
たぶん	たぶん  副 ① ・ 大概，大約
チーズ	チーズ  名 ① ・ 乳酪，起司
天ぷら	天ぷら[てんぷら]  名 ⓪ ・ 天婦羅（一種魚和蔬菜等裹上麵粉後油炸的食物）
なる	なる  自動1 ① ・ 變成，成為；當
ネクタイ	ネクタイ  名 ① ・ 領帶
はく	はく  他動1 ⓪ ・ 穿（下身衣物）
ハンカチ	ハンカチ  名 ⓪③ ・ 手帕
ポスト	ポスト  名 ① ・ 信箱；職位
ボタン	ボタン  名 ⓪① ・ 鈕扣；按鈕
みそ汁	みそ汁[みそしる]  名 ③ ・ 味噌湯
ミルク	ミルク  名 ① ・ 牛奶
ヨーロッパ	ヨーロッパ  名 ③ ・ 歐洲
悪い	悪い[わるい]  イ形 ② ・ 壞的，不好的
以外	以外[いがい]  名 ① ・ 以外
以上	以上[いじょう]  名 ① ・ 以上
以前	以前[いぜん]  名 ① ・ 以前，之前；（在某個時間點）之前
以内	以内[いない]  名 ① ・ 以內，之內
意味	意味[いみ]  名・自他動3 ① ・ 意思；意圖；價值
易しい	易しい[やさしい]  イ形 ⓪③ ・ 容易的，簡單的
違う	違う[ちがう]  自動1 ⓪ ・ 不一樣；錯誤
引く	引く[ひく]  他動1 ⓪ ・ 拉；減；畫（線）；吸引
運動	運動[うんどう]  名・自動3 ⓪ ・ 運動
運動会	運動会[うんどうかい]  名 ③ ・ 運動會
運動場	運動場[うんどうじょう]  名 ⓪ ・ 運動場，操場
駅前	駅前[えきまえ]  名 ③⓪ ・ （電車、地鐵的）車站周邊
押す	押す[おす]  他動1 ⓪ ・ 壓，按；推
温かい	温かい[あたたかい]  イ形 ④ ・ 溫的；溫暖的，熱情的
温泉	温泉[おんせん]  名 ⓪ ・ 溫泉
音	音[おと]  名 ② ・ （非生命物體發出的）聲音
下手	下手[へた]  名・ナ形 ② ・ 不擅長，笨拙
家具	家具[かぐ]  名 ① ・ 傢俱
暇	暇[ひま]  名・ナ形 ⓪ ・ （做某事的）時間；閒空，餘暇
課長	課長[かちょう]  名 ⓪ ・ 課長，處長
会議	会議[かいぎ]  名・自他動3 ①③ ・ 會議
会議室	会議室[かいぎしつ]  名 ③ ・ 會議室
会話	会話[かいわ]  名・自動3 ⓪ ・ 會話；對話，談話
開く	開く[あく]  自動1 ⓪ ・ 開啟；開始營業
街	街[まち]  名 ② ・ 大街
角	角[かど]  名 ① ・ （道路等）轉角；（桌子等）稜角
活動	活動[かつどう]  名・自動3 ⓪ ・ 活動
帰国	帰国[きこく]  名・自動3 ⓪ ・ 回國
季節	季節[きせつ]  名 ②① ・ 季節
吸う	吸う[すう]  他動1 ⓪ ・ 吸；吮吸；吸收
泣く	泣く[なく]  自動1 ⓪ ・ 哭，哭泣
橋	橋[はし]  名 ② ・ 橋，橋梁
興味	興味[きょうみ]  名 ① ・ 興趣
結構	結構[けっこう]  名・副・ナ形 ① ・ 非常好；（表示拒絕）不用了，夠了；可以，好；還不錯
嫌	嫌[いや]  ナ形 ② ・ 討厭的，反感的
嫌い	嫌い[きらい]  名・ナ形 ⓪ ・ 討厭，不喜歡；（…のきらいがある）不好的傾向
厳しい	厳しい[きびしい]  イ形 ③ ・ 嚴格的，嚴厲的；厲害的，嚴峻的
工場	工場[こうじょう]  名 ③ ・ 工廠
込む	込む[こむ]  自動1 ① ・ （混）擁擠；（込）費事，精巧
差す	差す[さす]  自他動1 ① ・ 照射；撐，打；注入（液體）
最初	最初[さいしょ]  名 ⓪ ・ 第一，開始，最初
祭り	祭り[まつり]  名 ⓪ ・ 祭祀，廟會，節日
撮る	撮る[とる]  他動1 ① ・ 照相，攝影
使い方	使い方[つかいかた]  名 ⓪ ・ 用法
思う	思う[おもう]  他動1 ② ・ 思考；認為
指	指[ゆび]  名 ② ・ 手指，腳趾
死ぬ	死ぬ[しぬ]  自動1 ⓪ ・ 死亡
次に	次に[つぎに]  接 ② ・ 接著，其次
寂しい	寂しい[さびしい]  イ形 ③ ・ 寂寞的，無聊的；荒涼的，冷清的
弱い	弱い[よわい]  イ形 ② ・ 弱的；不擅長的
守る	守る[まもる]  他動1 ② ・ 遵守；保護
手洗い	手洗い[てあらい]  他動3・名 ② ・ 洗手間；用手洗
種類	種類[しゅるい]  名 ① ・ 種類
酒	酒[さけ]  名 ⓪ ・ 酒；酒量
首	首[くび]  名 ⓪ ・ 脖子；頸；頭
週末	週末[しゅうまつ]  名 ⓪ ・ 週末
出かける	出かける[でかける]  自動2 ⓪ ・ 出門，出發
春休み	春休み[はるやすみ]  名 ③ ・ 春假
書き方	書き方[かきかた]  名 ③④ ・ 寫法
消える	消える[きえる]  自動2 ⓪ ・ 熄滅；消失
象	象[ぞう]  名 ① ・ 大象
信じる	信じる[しんじる]  他動2 ③ ・ 相信，信賴；信仰
心	心[こころ]  名 ②③ ・ 心；心情；意願
申す	申す[もうす]  他動1・補動 ① ・ 叫作
真面目	真面目[まじめ]  名・ナ形 ⓪ ・ 認真；老實
つらい	つらい  イ形 ⓪② ・ 難受的，艱苦的
人間	人間[にんげん]  名 ⓪ ・ 人，人類
人気	人気[にんき]  名 ⓪ ・ 人氣，受歡迎
吹く	吹く[ふく]  自他動1 ①② ・ 刮風；吹
数	数[かず]  名 ① ・ 數，數量
世界	世界[せかい]  名 ① ・ 地球，世界，社會
生活	生活[せいかつ]  名・自動3 ⓪ ・ 生活
声	声[こえ]  名 ① ・ （人或動物發出的）聲音；意見，回饋
席	席[せき]  名 ① ・ 座位，席位
先	先[さき]  名 ⓪ ・ 頂，尖；前方；先
先に	先に[さきに]  副 ⓪ ・ 之前，以前
先輩	先輩[せんぱい]  名 ⓪ ・ 前輩；學長，學姐
草	草[くさ]  名 ② ・ 草，雜草
送る	送る[おくる]  他動1 ⓪ ・ 郵寄，發送；派遣；送別；度過
側	側[がわ]  名 ⓪ ・ 一側，一方
息子	息子[むすこ]  名 ⓪ ・ 兒子
村	村[むら]  名 ② ・ 村莊，農村
だめ	だめ  名・ナ形 ② ・ 沒用；做不到；不可以
卓球	卓球[たっきゅう]  名 ⓪ ・ 桌球
誰か	誰か[だれか]  代 ① ・ （不確定的指代）某人
探す	探す[さがす]  他動1 ⓪ ・ 尋找（想要的東西）
弾く	弾く[ひく]  他動1 ⓪ ・ （用手演奏樂器）彈
暖かい	暖かい[あたたかい]  イ形 ④ ・ （天氣）暖和的
中学	中学[ちゅうがく]  名 ① ・ 中學；國中
丁寧	丁寧[ていねい]  名・ナ形 ① ・ 禮貌；細心周到
貼る	貼る[はる]  他動1 ⓪ ・ 貼，張貼
伝える	伝える[つたえる]  他動2 ⓪③ ・ 通知，傳達；傳授
登る	登る[のぼる]  自動1 ⓪ ・ 登上
道具	道具[どうぐ]  名 ③ ・ 工具
内容	内容[ないよう]  名 ⓪ ・ 內容
濃い	濃い[こい]  イ形 ① ・ （顏色）深的；濃的；密的
背	背[せ]  名 ①⓪ ・ 身高
病気	病気[びょうき]  名 ⓪ ・ 疾病
負ける	負ける[まける]  自動2 ⓪ ・ 輸，比不上；難以忍受
封筒	封筒[ふうとう]  名 ⓪ ・ 信封
閉まる	閉まる[しまる]  自動1 ② ・ 關閉
閉める	閉める[しめる]  他動2 ② ・ 關起來（窗戶、門等等打開的東西）
返す	返す[かえす]  他動1 ① ・ 歸還；翻（過來）
方	方[かた]  名 ② ・ ……位，……人
方	方[ほう]  名 ① ・ 方向；方面；（比起來）……還是
漫画	漫画[まんが]  名 ⓪ ・ 漫畫，連環畫
夢	夢[ゆめ]  名 ② ・ 夢；理想；幻想；虛幻
娘	娘[むすめ]  名 ③ ・ 女兒；未婚年輕女性
野球	野球[やきゅう]  名 ⓪ ・ 棒球
頼む	頼む[たのむ]  他動1 ② ・ 請求，託付；依靠
履く	履く[はく]  他動1 ⓪ ・ 穿（鞋、襪）
立てる	立てる[たてる]  他動2 ② ・ 制訂；豎起；發出，冒起
立派	立派[りっぱ]  ナ形 ⓪ ・ 優秀的，出色的
涼しい	涼しい[すずしい]  イ形 ③ ・ 涼爽的，涼快的
涙	涙[なみだ]  名 ① ・ 眼淚
廊下	廊下[ろうか]  名 ⓪ ・ 走廊
会	会[かい]  名・接尾 ① ・ （表示組織或活動）……會
〜出す	〜出す[〜だす]  動1 ・ ……出來；開始……
年生	年生[ねんせい]  造 ・ ……年級生
〜方	〜方[〜かた]  接尾 ・ ……方法
アナウンサー	アナウンサー  名 ③ ・ 播音員
ある〜	ある〜  連体 ・ 某，某個
アルバイト	アルバイト  名・自動3 ③ ・ 兼職，打工
嘘[うそ]	嘘[うそ][うそ]  名 ① ・ 謊言，假話
うまい	うまい  イ形 ② ・ 美味的；好的；進展順利的
ええと	ええと  感 ⓪ ・ （猶豫或思考時）啊，嗯
オートバイ	オートバイ  名 ③ ・ 摩托車
おかしい	おかしい  イ形 ③ ・ 可笑的；奇怪的，可疑的
オフィス	オフィス  名 ① ・ 辦公室，事務所
おる	おる  自動1・補動 ① ・ 在
カード	カード  名 ① ・ 卡，卡片
ガム	ガム  名 ① ・ 口香糖
きっと	きっと  副 ⓪ ・ 一定，必定
クラブ	クラブ  名 ①⓪ ・ 俱樂部；酒吧
ゲーム	ゲーム  名 ① ・ 遊戲；比賽
けが	けが  名・自動3 ② ・ 傷，受傷
けれど	けれど  接・接助・終助 ① ・ 不過，可是
ごみ	ごみ  名 ② ・ 垃圾
コンサート	コンサート  名 ① ・ 音樂會，演奏會
コンピューター	コンピューター  名 ③ ・ 電腦，計算機
サラダ	サラダ  名 ① ・ 沙拉
しっかり	しっかり  副・自動3 ③ ・ 緊緊地；好好地，牢牢地；堅固，堅強；可靠
しまう	しまう  他動1・補動 ⓪ ・ 收拾；做完；停業；非本意的事情發生
ジャム	ジャム  名 ① ・ 果醬
スーツ	スーツ  名 ① ・ 西裝
スーツケース	スーツケース  名 ④ ・ 旅行箱，行李箱
スーパーマーケット	スーパーマーケット  名 ⑤ ・ 超市
すっかり	すっかり  副 ③ ・ 完全，全部
そのまま	そのまま  副・名 ④⓪ ・ 就這樣；原封不動
それぞれ	それぞれ  名・副 ②③ ・ 各個，各自，分別
それで	それで  接 ⓪ ・ 因此，所以；（表示催促）那麼，後來
それとも	それとも  接 ③ ・ 或者，還是
それなら	それなら  接 ③ ・ 如果那樣的話
それに	それに  接 ⓪ ・ 而且，還有
だけど	だけど  接・接助 ① ・ 可是，然而
チェック	チェック  他動3・名 ① ・ 核對，檢查
つもり	つもり  名 ⓪ ・ 意圖，打算
トマト	トマト  名 ① ・ 番茄
どんどん	どんどん  副 ① ・ 咚咚聲；不斷地，順利地
なかなか	なかなか  副 ⓪ ・ 很，相當；（不）容易，（不）簡單
なさる	なさる  他動1・補動 ② ・ 做
濡[ぬ]れる	濡[ぬ]れる[ぬれる]  自動2 ⓪ ・ 淋溼，弄溼
パソコン	パソコン  名 ⓪ ・ （個人）電腦
はっきり	はっきり  副・自動3 ③ ・ 清楚；爽快；明確
ハンバーグ	ハンバーグ  名 ③ ・ 漢堡牛肉餅，漢堡排
ピアノ	ピアノ  名 ⓪ ・ 鋼琴
びっくり	びっくり  副・自動3 ③ ・ 吃驚，嚇一跳
ビデオ	ビデオ  名 ① ・ 錄影，影片；錄影機
ひどい	ひどい  イ形 ② ・ 殘酷的，過分的；激烈的
へえ	へえ  感 ⓪ ・ （驚訝）哦，嘿
ほとんど	ほとんど  名・副 ② ・ 大部分；幾乎
まだまだ	まだまだ  副 ① ・ 還，仍
まま	まま  名 ② ・ ……的樣子不變
メニュー	メニュー  名 ① ・ 菜單，選單
メロン	メロン  名 ① ・ 哈密瓜，甜瓜
もし	もし  副 ① ・ 如果，假如
もちろん	もちろん  副 ② ・ 當然
やはり	やはり  副 ② ・ 果然；到底還是
やり方	やり方[やりかた]  名 ⓪ ・ 做法，方法
よろしい	よろしい  イ形・補形 ③ ・ 可以，好
レジ	レジ  名 ① ・ 收銀機；收銀台；收銀員
愛	愛[あい]  名 ① ・ 愛，愛情，熱愛
挨拶	挨拶[あいさつ]  名・自動3 ① ・ 問候，寒暄；致辭
安心	安心[あんしん]  名・ナ形・自動3 ⓪ ・ 放心，安心
安全	安全[あんぜん]  名・ナ形 ⓪ ・ 安全
案内	案内[あんない]  名・他動3 ③ ・ 引導，嚮導；傳達；通知，指南
以下	以下[いか]  名 ① ・ 下述，接下來的；以下
意見	意見[いけん]  名・自他動3 ① ・ （提）意見；勸告
違い	違い[ちがい]  名 ⓪ ・ 差異，不同
育てる	育てる[そだてる]  他動2 ③ ・ 養育，培育，飼養
引き出し	引き出し[ひきだし]  名 ⓪ ・ 抽屜；提取
引っ越し	引っ越し[ひっこし]  名・自動3 ⓪ ・ 搬家
運転	運転[うんてん]  名・自他動3 ⓪ ・ 駕駛；操作
運転手	運転手[うんてんしゅ]  名 ③ ・ 司機
雲	雲[くも]  名 ① ・ 雲，雲彩
営業	営業[えいぎょう]  名・自他動3 ⓪ ・ 營業，經商
駅員	駅員[えきいん]  名 ②⓪ ・ 車站工作人員
遠慮	遠慮[えんりょ]  名・自他動3 ⓪① ・ 客氣；謝絕
汚れる	汚れる[よごれる]  自動2 ⓪ ・ 髒
下がる	下がる[さがる]  自動1 ② ・ 下降；後退；退步
花見	花見[はなみ]  名 ③ ・ 賞花，特指賞櫻花
過ぎる	過ぎる[すぎる]  自動2 ② ・ 經過；超過；過分
会場	会場[かいじょう]  名 ⓪ ・ 會場
回る	回る[まわる]  自動1 ⓪ ・ 旋轉
壊れる	壊れる[こわれる]  自動2 ③ ・ 壞，破碎；故障
格好	格好[かっこう]  名 ⓪ ・ （人或物的）外觀，外表
楽しみ	楽しみ[たのしみ]  名・ナ形 ③④⓪ ・ 樂趣；期待
楽しむ	楽しむ[たのしむ]  他動1 ③ ・ 享受；盼望
感じる	感じる[かんじる]  自他動2 ⓪ ・ 感到；覺得
慣れる	慣れる[なれる]  自動2・補動 ② ・ 習慣，適應；熟悉，熟練；（馴れる）動物親近人類
缶	缶[かん]  名 ① ・ （金屬製的）罐，桶；罐頭
間	間[あいだ]  名 ⓪ ・ 間隔；中間
間に合う	間に合う[まにあう]  自動1 ③ ・ 趕上，來得及
間違い	間違い[まちがい]  名 ③ ・ 錯誤，過錯
間違う	間違う[まちがう]  自他動1 ③ ・ 錯；弄錯
関係	関係[かんけい]  名・自動3 ⓪ ・ 與……有關係；關係
頑張る	頑張る[がんばる]  自動1 ③ ・ 拚命努力，加油
危険	危険[きけん]  名・ナ形 ⓪ ・ 危險
喜ぶ	喜ぶ[よろこぶ]  他動1 ③ ・ 歡喜，高興；（「喜んで」の形で）欣然接受
希望	希望[きぼう]  名・他動3 ⓪ ・ 希望，期望
機械	機械[きかい]  名 ①② ・ 機械，機器
気	気[き]  名 ⓪ ・ 氣；心情；意志，知覺
気持ち	気持ち[きもち]  名 ⓪ ・ 心情，情緒；感覺；舒適（與否）
気分	気分[きぶん]  名 ① ・ （短暫的）心情，情緒；氣氛
起こす	起こす[おこす]  他動1 ② ・ 叫醒；發起，引起
起こる	起こる[おこる]  自動1 ② ・ 發生；發作；產生
技術	技術[ぎじゅつ]  名 ① ・ 技術，工藝
客	客[きゃく]  名 ⓪ ・ 客人，顧客
逆	逆[ぎゃく]  名・ナ形 ⓪ ・ 相反，顛倒
久しぶり	久しぶり[ひさしぶり]  名・ナ形 ⓪⑤ ・ 久違
急	急[きゅう]  ナ形 ⓪ ・ 突然的；緊急的；陡峭的，角度大的
教科書	教科書[きょうかしょ]  名 ③ ・ 教科書，課本
胸	胸[むね]  名 ② ・ 胸；心裡
驚く	驚く[おどろく]  自動1 ③ ・ 吃驚，驚訝
近所	近所[きんじょ]  名 ① ・ 近處，附近
苦い	苦い[にがい]  イ形 ② ・ （味道）苦的；痛苦的
具合	具合[ぐあい]  名 ⓪ ・ 健康狀況；（機器）狀態；情況，樣子；方便
空く	空く[あく]  自動1 ⓪ ・ 空；空閒；空缺
空気	空気[くうき]  名 ① ・ 空氣；氣氛，氛圍
君	君[きみ]  代 ⓪ ・ （稱呼同輩或晚輩，男性用語）你
係	係[かかり]  名 ① ・ 負責人
形	形[かたち]  名 ⓪ ・ 形狀；樣式；形式
携帯電話	携帯電話[けいたいでんわ]  名 ⑤ ・ 手機
経験	経験[けいけん]  名・他動3 ⓪ ・ 經驗
計画	計画[けいかく]  名・他動3 ⓪ ・ 計劃，規劃
警察	警察[けいさつ]  名 ⓪ ・ 警察；警局
迎える	迎える[むかえる]  他動2 ⓪ ・ 迎接；迎來
決して	決して[けっして]  副 ⓪ ・ 決（不）……
決まる	決まる[きまる]  自動1 ⓪ ・ 決定，規定；一定
決める	決める[きめる]  他動2 ⓪ ・ 決定，規定；決心；斷定
結果	結果[けっか]  名 ⓪ ・ 結果，結局；（好的）結果
血	血[ち]  名 ⓪ ・ 血
建てる	建てる[たてる]  他動2 ② ・ 蓋，建造
研究	研究[けんきゅう]  名・他動3 ⓪ ・ 研究
肩	肩[かた]  名 ① ・ 肩膀；上方
見える	見える[みえる]  自動2 ② ・ 看得見；看起來是
見つかる	見つかる[みつかる]  自動1 ⓪ ・ 被找到；被發現
見つける	見つける[みつける]  他動2 ⓪ ・ 找到，發現
見学	見学[けんがく]  名・他動3 ⓪ ・ 參觀，參觀學習
見舞い	見舞い[みまい]  名 ⓪ ・ 探望，問候
原因	原因[げんいん]  名・自動3 ⓪ ・ （多用於不好的）原因
現在	現在[げんざい]  名 ① ・ 現在，目前；當時
湖	湖[みずうみ]  名 ②③ ・ 湖
ご〜	ご〜  接頭 ・ 表示尊敬
光	光[ひかり]  名 ③ ・ 光線，光明；希望
工事	工事[こうじ]  名・自他動3 ① ・ 施工，工程
幸せ	幸せ[しあわせ]  名・ナ形 ⓪ ・ 幸福
港	港[みなと]  名 ⓪ ・ 港口，碼頭
硬い	硬い[かたい]  イ形 ⓪ ・ 堅硬的；死板的；緊張的
行う	行う[おこなう]  他動1 ⓪ ・ 舉行，進行
合う	合う[あう]  自動1 ① ・ 一致；合適；協調
黒板	黒板[こくばん]  名 ⓪ ・ 黑板
腰	腰[こし]  名 ⓪ ・ 腰；腰部，下半部
今回	今回[こんかい]  名 ① ・ 這次，這回
今後	今後[こんご]  名 ⓪ ・ 今後，將來
今度	今度[こんど]  名 ① ・ 這次或下次；最近，上次
今夜	今夜[こんや]  名 ① ・ 今晚
最近	最近[さいきん]  名 ⓪ ・ 近來，最近
細かい	細かい[こまかい]  イ形 ③ ・ 細小的，零碎的；詳細的
桜	桜[さくら]  名 ⓪ ・ 櫻花，櫻花樹
参加	参加[さんか]  名・自動3 ⓪ ・ 參加
残り	残り[のこり]  名 ③ ・ 剩餘，殘餘
残る	残る[のこる]  自動1 ② ・ 剩下，留下
残念	残念[ざんねん]  ナ形・名 ③ ・ 遺憾；悔恨，懊悔
仕方	仕方[しかた]  名 ⓪ ・ 做法，方法
子	子[こ]  名 ⓪ ・ 孩子；小孩
市	市[し]  名・造 ① ・ 市
市民	市民[しみん]  名 ① ・ 市民，城市居民
思い出す	思い出す[おもいだす]  他動1 ④ ・ 想起，回憶起
枝	枝[えだ]  名 ⓪ ・ 樹枝
止める	止める[とめる]  他動2 ⓪ ・ 使停下；制止
やめる	やめる  他動2 ⓪ ・ 停止，放棄，取消；戒掉
試合	試合[しあい]  名 ⓪ ・ （體育的）比賽
資料	資料[しりょう]  名 ① ・ 資料，材料
歯医者	歯医者[はいしゃ]  名 ① ・ 牙醫
事	事[こと]  名 ② ・ 事情
事務所	事務所[じむしょ]  名 ② ・ 事務所，辦事處
似る	似る[にる]  自動2 ⓪ ・ 相似，像
字	字[じ]  名 ① ・ 字，文字
寺	寺[てら]  名 ② ・ 寺廟，寺院
時代	時代[じだい]  名 ⓪ ・ 時代，時期
治る	治る[なおる]  自動1 ② ・ 病癒，痊癒
自信	自信[じしん]  名 ⓪ ・ 自信，信心
自然	自然[しぜん]  ナ形・副・名 ⓪ ・ 大自然；自然地
失敗	失敗[しっぱい]  名・自他動3 ⓪ ・ 失敗
失礼	失礼[しつれい]  名・ナ形・自動3 ② ・ 失禮；離開，退席
写す	写す[うつす]  他動1 ② ・ 抄；拍照
捨てる	捨てる[すてる]  他動2 ⓪ ・ 扔掉；拋棄
社長	社長[しゃちょう]  名 ⓪ ・ 社長
手袋	手袋[てぶくろ]  名 ② ・ 手套
手伝い	手伝い[てつだい]  名 ③ ・ 幫忙，幫工
手伝う	手伝う[てつだう]  他動1 ③ ・ 幫忙，協助
受ける	受ける[うける]  他動2 ② ・ 接受；遭受；參加（考試等）
周り	周り[まわり]  名 ⓪ ・ 周圍，四周；附近
拾う	拾う[ひろう]  他動1 ⓪ ・ 拾，撿；搭計程車
集まる	集まる[あつまる]  自動1 ③ ・ 彙集，集合
集める	集める[あつめる]  他動2 ③ ・ 集合，集中，收集
住所	住所[じゅうしょ]  名 ① ・ 住址，地址
出発	出発[しゅっぱつ]  名・自動3 ⓪ ・ 出發，啟程
準備	準備[じゅんび]  名・他動3 ① ・ 準備，預備
助ける	助ける[たすける]  他動2 ③ ・ 幫助，幫忙，救濟；救助，救命
傷	傷[きず]  名 ⓪ ・ 傷；瑕疵；缺陷
勝つ	勝つ[かつ]  自動1 ① ・ 贏，勝
将来	将来[しょうらい]  名・副 ① ・ 將來，未來
小説	小説[しょうせつ]  名 ⓪ ・ 小說
床	床[ゆか]  名 ⓪ ・ 地板，地上
承知	承知[しょうち]  名・他動3 ⓪ ・ 知道，明白；答應，同意
焼く	焼く[やく]  他動1 ⓪ ・ 烤；燒
紹介	紹介[しょうかい]  名・他動3 ⓪ ・ 介紹
乗り換える	乗り換える[のりかえる]  自他動2 ④③ ・ 換乘
冗談	冗談[じょうだん]  名 ③ ・ 玩笑，笑話
場合	場合[ばあい]  名 ⓪ ・ 場合，時候，情形
場所	場所[ばしょ]  名 ⓪ ・ 場所，地方
情報	情報[じょうほう]  名 ⓪ ・ 情報，資訊
飾る	飾る[かざる]  他動1 ⓪ ・ 裝飾，裝點
食料品	食料品[しょくりょうひん]  名 ⓪③ ・ （特指主食以外的魚肉類、蔬菜和水果等）食品
寝坊	寝坊[ねぼう]  名・ナ形・自動3 ⓪ ・ 睡懶覺（的人）
心配	心配[しんぱい]  名・ナ形・自他動3 ⓪ ・ 擔心；操心
深い	深い[ふかい]  イ形 ② ・ 深的；濃的；（程度）深的
神社	神社[じんじゃ]  名 ① ・ 神社
親切	親切[しんせつ]  名・ナ形 ① ・ 親切，熱情
進む	進む[すすむ]  自動1 ⓪ ・ 前進；進步；進展
人々	人々[ひとびと]  名 ② ・ 人們，很多人
人口	人口[じんこう]  名 ⓪ ・ 人口
尋ねる	尋ねる[たずねる]  他動2 ③ ・ 探索，查明；詢問
水泳	水泳[すいえい]  名・自動3 ⓪ ・ 游泳
世話	世話[せわ]  名・他動3 ② ・ 照顧，幫忙
ぜひ	ぜひ  副 ① ・ 務必，一定
性格	性格[せいかく]  名 ⓪ ・ 性格，脾氣
成功	成功[せいこう]  名・自動3 ⓪ ・ 成功
星	星[ほし]  名 ⓪ ・ 星星；星號；明星
正月	正月[しょうがつ]  名 ④⓪ ・ 新年，正月
生きる	生きる[いきる]  自動2 ② ・ 生存；生活
生産	生産[せいさん]  名・他動3 ⓪ ・ 生產，製造
昔	昔[むかし]  名 ⓪ ・ 過去，以前
石	石[いし]  名 ② ・ 石頭，石子
説明	説明[せつめい]  名・他動3 ⓪ ・ 說明，解釋
専門	専門[せんもん]  名 ⓪ ・ 專業，專門
線	線[せん]  名 ① ・ 線，線條
全て	全て[すべて]  名・副 ① ・ 一切，所有，全部
全然	全然[ぜんぜん]  副 ⓪ ・ 完全（不），根本（不）
相談	相談[そうだん]  名・他動3 ⓪ ・ 商量，商議，徵求意見
増える	増える[ふえる]  自動2 ② ・ 增加，增多
贈り物	贈り物[おくりもの]  名 ⓪ ・ 禮物
足りる	足りる[たりる]  自動2 ⓪ ・ 足夠；值得
続く	続く[つづく]  自動1 ⓪ ・ 繼續，持續；接連發生；接著，跟著
続ける	続ける[つづける]  他動2 ⓪ ・ 繼續，連續
卒業	卒業[そつぎょう]  名・自動3 ⓪ ・ 畢業
多く	多く[おおく]  副・名 ① ・ 很多；多半
打つ	打つ[うつ]  他動1 ① ・ 碰，撞；拍，打；感動
代わる	代わる[かわる]  自動1 ⓪ ・ （替）代；代（表）
大事	大事[だいじ]  名・ナ形 ③⓪ ・ 重要；珍惜，保重；大事，重大問題
大人しい	大人しい[おとなしい]  イ形 ④ ・ 老實的，聽話的；素雅的
大体	大体[だいたい]  名・副 ⓪ ・ 概要；大致；本來
値段	値段[ねだん]  名 ⓪ ・ 價格
知らせ	知らせ[しらせ]  名 ⓪ ・ 通知，告示
知らせる	知らせる[しらせる]  他動2 ⓪ ・ 通知
地	地[ち]  名 ① ・ 大地，土地；場所
恥ずかしい	恥ずかしい[はずかしい]  イ形 ④ ・ 害羞的，難為情的，慚愧的
遅れる	遅れる[おくれる]  自動2 ⓪ ・ 遲到；進展慢
着物	着物[きもの]  名 ⓪ ・ 和服
中心	中心[ちゅうしん]  名 ⓪ ・ 中心；重要之處
注意	注意[ちゅうい]  名・自他動3 ① ・ 注意，留神；提醒，警告
虫	虫[むし]  名 ⓪ ・ 蟲子
調べる	調べる[しらべる]  他動2 ③ ・ 查，調查
長	長[ちょう]  名・造 ① ・ 長……，遠……
直す	直す[なおす]  他動1 ② ・ 修改，改正；重新做
直る	直る[なおる]  自動1 ② ・ 改正；修好
通り	通り[とおり]  名 ③ ・ 大街，馬路；流通；一樣，同樣
通る	通る[とおる]  自動1 ① ・ 通過，走過，穿過；合格；獲得認可
点	点[てん]  名・接尾 ⓪ ・ 點；標點；分數；方面；……件
田	田[た]  名 ① ・ 田，稻田
途中	途中[とちゅう]  名 ⓪ ・ 途中；中途
都合	都合[つごう]  名 ⓪ ・ 方便（與否）；情況
土産	土産[みやげ]  名 ⓪ ・ 特產，土特產
怒る	怒る[おこる]  自動1 ② ・ 發怒；罵，訓斥
倒れる	倒れる[たおれる]  自動2 ③ ・ 絆倒，倒下
島	島[しま]  名 ② ・ 島，島嶼
投げる	投げる[なげる]  他動2 ② ・ 扔，擲；提出；放棄
盗む	盗む[ぬすむ]  他動1 ② ・ 偷盜，偷竊
湯	湯[ゆ]  名 ① ・ 開水，熱水；洗澡水；溫泉
当たる	当たる[あたる]  自動1 ⓪ ・ 打中，命中；撞上；猜中；相當於
当てる	当てる[あてる]  他動2 ⓪ ・ 碰，撞；命中；猜（中）；曬
逃げる	逃げる[にげる]  自動2 ② ・ 逃跑；逃避
動く	動く[うごく]  自動1 ② ・ 動，活動，開動；移動；動搖
動物園	動物園[どうぶつえん]  名 ④ ・ 動物園
特に	特に[とくに]  副 ① ・ 特別
特急	特急[とっきゅう]  名 ⓪ ・ 火速；特快列車
特別	特別[とくべつ]  ナ形・副・名 ⓪ ・ 特別，特殊
届ける	届ける[とどける]  他動2 ③ ・ 送，送到；申報
匂い	匂い[におい]  名 ② ・ 氣味
日記	日記[にっき]  名 ⓪ ・ 日記
入り口	入り口[いりぐち]  名 ⓪ ・ 入口
入院	入院[にゅういん]  名・自動3 ⓪ ・ 住院
入学	入学[にゅうがく]  名・自動3 ⓪ ・ 入學
熱	熱[ねつ]  名 ② ・ 熱度；發燒
熱心	熱心[ねっしん]  名・ナ形 ①③ ・ 熱心，熱情
売り場	売り場[うりば]  名 ⓪ ・ 賣場，櫃檯
売れる	売れる[うれる]  自動2 ⓪ ・ 暢銷；知名
泊まる	泊まる[とまる]  自動1 ⓪ ・ 住宿；（船）靠岸
反対	反対[はんたい]  名・ナ形・自動3 ⓪ ・ 相反；反對
悲しい	悲しい[かなしい]  イ形 ⓪③ ・ 悲傷的，傷心的
比べる	比べる[くらべる]  他動2 ⓪ ・ 比較，對照
美しい	美しい[うつくしい]  イ形 ④ ・ 美麗的；美好的
美術館	美術館[びじゅつかん]  名 ③② ・ 美術館
必ず	必ず[かならず]  副 ⓪ ・ 一定，必定
必要	必要[ひつよう]  名・ナ形 ⓪ ・ 必要，必需
表	表[おもて]  名 ③ ・ 表面，正面
品物	品物[しなもの]  名 ⓪ ・ 商品
瓶	瓶[びん]  名 ① ・ 瓶子
不便	不便[ふべん]  名・ナ形 ① ・ 不便，不方便
怖い	怖い[こわい]  イ形 ② ・ 可怕的，令人害怕的
普通	普通[ふつう]  名・ナ形・副 ⓪ ・ 一般，普通
父親	父親[ちちおや]  名 ⓪ ・ 父親
部長	部長[ぶちょう]  名 ⓪ ・ 部長，處長
腹	腹[はら]  名 ② ・ 肚子，腸胃
複雑	複雑[ふくざつ]  名・ナ形 ⓪ ・ 複雜
払う	払う[はらう]  他動1 ② ・ 支付；拂去
分ける	分ける[わける]  他動2 ② ・ 分開，劃分，分類；分配
文	文[ぶん]  名 ① ・ 文章；句子
文化	文化[ぶんか]  名 ① ・ 文化
文章	文章[ぶんしょう]  名 ① ・ 文章，作品
聞こえる	聞こえる[きこえる]  自動2 ⓪ ・ 聽得見，聽到；聽起來覺得……
米	米[こめ]  名 ② ・ 稻米，大米
壁	壁[かべ]  名 ⓪ ・ 牆；障礙，隔閡
別	別[べつ]  名・ナ形・造 ⓪ ・ 區別；另外，除外
別れる	別れる[わかれる]  自動2 ③ ・ 離別；分手，離婚
変	変[へん]  ナ形・名 ① ・ 奇怪，異常
変える	変える[かえる]  他動2 ⓪ ・ 改變，變更
変わる	変わる[かわる]  自他動1 ⓪ ・ 改變，變化；不同尋常；［他動］更換座位、住址、所屬單位等
片付ける	片付ける[かたづける]  他動2 ④ ・ 收拾好，整理好；處理好
辺り	辺り[あたり]  名 ① ・ 附近；（あたり）大約
暮らす	暮らす[くらす]  自動1 ⓪ ・ 生活，度日
包む	包む[つつむ]  他動1 ② ・ 包；包圍，籠罩
方向	方向[ほうこう]  名 ⓪ ・ 方向；方針
方法	方法[ほうほう]  名 ⓪ ・ 方法
訪ねる	訪ねる[たずねる]  他動2 ③ ・ 訪問，拜訪
亡くなる	亡くなる[なくなる]  自動1 ⓪ ・ 亡故，去世
忘れ物	忘れ物[わすれもの]  名 ⓪ ・ 遺忘的東西，遺失品
味	味[あじ]  名 ⓪ ・ 味道；趣味
眠い	眠い[ねむい]  イ形 ⓪② ・ 有睡意的，想睡的
眠る	眠る[ねむる]  自動1 ⓪ ・ 睡著，睡覺；長眠；閒置
無くなる	無くなる[なくなる]  自動1 ⓪ ・ 遺失；用完；消失
無理	無理[むり]  名・ナ形・自動3 ① ・ 不合理；勉強，難以做到；強行
命	命[いのち]  名 ① ・ 生命；壽命；命根子，最寶貴的東西
迷う	迷う[まよう]  自動1 ② ・ 迷，迷失；猶豫；迷戀
戻る	戻る[もどる]  自動1 ② ・ 回來，返回；恢復
約束	約束[やくそく]  名・他動3 ⓪ ・ 約定；規則
予定	予定[よてい]  名・他動3 ⓪ ・ 預定，計劃
予約	予約[よやく]  名・他動3 ⓪ ・ 預約，預訂
用	用[よう]  名・接尾 ① ・ 事情；用途，……用
用意	用意[ようい]  名・他動3 ① ・ 準備，預備
用事	用事[ようじ]  名 ⓪ ・ （必須做的）事，事情
落ちる	落ちる[おちる]  自動2 ② ・ 掉落；降低；不及格
落とす	落とす[おとす]  他動1 ② ・ 使落下；遺失；弄掉
利用	利用[りよう]  名・他動3 ⓪ ・ 利用，使用
理由	理由[りゆう]  名 ⓪ ・ 理由；藉口
裏	裏[うら]  名 ② ・ 背面；內幕，背後
流れる	流れる[ながれる]  自動2 ③ ・ 流，流動；傳開；流逝
留守	留守[るす]  名 ① ・ 不在家
旅館	旅館[りょかん]  名 ⓪ ・ 日式賓館
両方	両方[りょうほう]  名 ③⓪ ・ 兩者，雙方
料金	料金[りょうきん]  名 ① ・ 使用費
力	力[ちから]  名 ③ ・ 力氣；精力；能力；效力；權力
例	例[れい]  名 ① ・ 例子
例えば	例えば[たとえば]  副 ② ・ 例如，假設
礼	礼[れい]  名 ①⓪ ・ 禮貌；行禮；感謝，謝意，謝禮
歴史	歴史[れきし]  名 ⓪ ・ 歷史
連絡	連絡[れんらく]  名・自他動3 ⓪ ・ 聯繫，聯絡
腕	腕[うで]  名 ② ・ 手臂；本領，技能
エスカレーター	エスカレーター  名 ④ ・ 手扶梯
おしゃべり	おしゃべり  名・ナ形・自他動3 ② ・ 喋喋不休（的人）；聊天
グループ	グループ  名 ② ・ 群，組，集團，夥伴
クレジットカード	クレジットカード  名 ⑥ ・ 信用卡
これまで	これまで  連語 ③ ・ 到目前為止，直到現在；到此為止
サービス	サービス  名・自他動3 ① ・ 服務；接待；折扣或附帶贈品
サイン	サイン  名・自他動3 ① ・ 簽名；信號，暗號
シーズン	シーズン  名 ① ・ 季節；好時節
しゃべる	しゃべる  他動1 ② ・ 說；喋喋不休
ジョギング	ジョギング  名・自動3 ⓪ ・ 跑步，慢跑
スイッチ	スイッチ  他動3・名 ①② ・ 開關
ソース	ソース  名 ① ・ 醬料，調味汁
タオル	タオル  名 ① ・ 毛巾
だって	だって  接・副助 ① ・ （對對方的話或之前提到的事情表示反對）可是；即使；聽說；因為
チャンス	チャンス  名 ① ・ 機會，良機
ちゃんと	ちゃんと  副・自動3 ⓪ ・ 整齊；好好地
デート	デート  名・自動3 ① ・ 日期；約會
ドライブ	ドライブ  名・自他動3 ② ・ 開車遠遊，兜風
にこにこ	にこにこ  副・自動3 ① ・ 笑眯眯
ネックレス	ネックレス  名 ① ・ 項鍊
ペット	ペット  名 ① ・ 寵物
ホーム	ホーム  名 ① ・ 家；療養院，招待所
ホームページ	ホームページ  名 ④ ・ 首頁
ポスター	ポスター  名 ① ・ 招貼，廣告畫，海報
全く	全く[まったく]  副 ④⓪ ・ 完全；實在，簡直；完全（不）
マナー	マナー  名 ① ・ 禮貌，禮節，規矩
ルール	ルール  名 ① ・ 規則，制度
レベル	レベル  名 ①⓪ ・ 水平，水準
ロボット	ロボット  名 ①② ・ 機器人；自動裝置
握る	握る[にぎる]  他動1 ⓪ ・ 握；掌握，抓住；捏（飯糰、壽司等）
以来	以来[いらい]  名 ① ・ 以來，以後
位置	位置[いち]  名・自動3 ① ・ 位置；位於
一生	一生[いっしょう]  名 ⓪ ・ 一生，一輩子
一部	一部[いちぶ]  名 ② ・ 一部分；一冊
一方	一方[いっぽう]  名・接 ③ ・ 一個方向；一個；一直
映る	映る[うつる]  自動1 ② ・ 映；映像
奥	奥[おく]  名 ① ・ 裡面，內部，深處；內屋，內宅
何でも	何でも[なんでも]  副・連語 ① ・ 不管什麼；據說是
可能	可能[かのう]  名・ナ形 ⓪ ・ 可能
過去	過去[かこ]  名 ① ・ 過去，既往
海岸	海岸[かいがん]  名 ⓪ ・ 海岸，海邊
外す	外す[はずす]  他動1 ⓪ ・ 取下，摘下，解開；偏離；除名
確認	確認[かくにん]  名・他動3 ⓪ ・ 確認，證實
楽	楽[らく]  名・ナ形 ② ・ 舒適；輕鬆
感謝	感謝[かんしゃ]  名・自他動3 ① ・ 感謝
寄る	寄る[よる]  自動1 ⓪ ・ 靠近；途中經過；聚集
期待	期待[きたい]  名・自他動3 ⓪ ・ 期待，期望
気づく	気づく[きづく]  自動1 ② ・ 注意到，發覺；清醒過來，甦醒過來
疑問	疑問[ぎもん]  名 ⓪ ・ 疑問
急行	急行[きゅうこう]  名・自動3 ⓪ ・ 急赴，急忙趕去；快車
距離	距離[きょり]  名 ① ・ 距離；差距
協力	協力[きょうりょく]  名・自動3 ⓪ ・ 協力，合作
教育	教育[きょういく]  名・他動3 ⓪ ・ 教育，教養
緊張	緊張[きんちょう]  名・自動3 ⓪ ・ 緊張
苦しい	苦しい[くるしい]  イ形 ③ ・ 痛苦；困難
繰り返す	繰り返す[くりかえす]  他動1 ③⓪ ・ 反覆，重複
景色	景色[けしき]  名 ① ・ 景色，風景
決定	決定[けってい]  名・自他動3 ⓪ ・ 決定，確定
効果	効果[こうか]  名 ① ・ 效果，功效
行動	行動[こうどう]  名・自動3 ⓪ ・ 行動，活動
合わせる	合わせる[あわせる]  他動2 ③ ・ 合併；配合；核對
差	差[さ]  名 ⓪ ・ 差；差別，差距
最高	最高[さいこう]  名・ナ形 ⓪ ・ 最高；最好
最大	最大[さいだい]  名 ⓪ ・ 最大
残す	残す[のこす]  他動1 ② ・ 留下；遺留
思い出	思い出[おもいで]  名 ⓪ ・ 回憶
事件	事件[じけん]  名 ① ・ 事件，案件
似合う	似合う[にあう]  自動1 ② ・ 合適，般配
時間割	時間割[じかんわり]  名 ⓪ ・ 時間表，課程表
自身	自身[じしん]  名 ① ・ 自己；本身
自動	自動[じどう]  名 ⓪ ・ 自動
自由	自由[じゆう]  名・ナ形 ② ・ 自由
謝る	謝る[あやまる]  自他動1 ③ ・ 道歉，謝罪
手帳	手帳[てちょう]  名 ⓪ ・ 筆記本，手冊
受付	受付[うけつけ]  名 ⓪ ・ 受理；接待處，問訊處
終える	終える[おえる]  自他動2 ⓪ ・ 做完，完成
少女	少女[しょうじょ]  名 ① ・ 少女
少年	少年[しょうねん]  名 ⓪ ・ 少年
詳しい	詳しい[くわしい]  イ形 ③ ・ 詳細；精通
状態	状態[じょうたい]  名 ⓪ ・ 狀態，情形
触る	触る[さわる]  自動1 ⓪ ・ 碰觸，接觸
食料	食料[しょくりょう]  名 ② ・ （主食以外的）食物，食材
信用	信用[しんよう]  名・他動3 ⓪ ・ 相信；信譽
唇	唇[くちびる]  名 ⓪ ・ 嘴唇
新幹線	新幹線[しんかんせん]  名 ③ ・ 新幹線
身	身[み]  名 ⓪ ・ 身體；自身；身分
数える	数える[かぞえる]  他動2 ③ ・ 數，計算；列舉
正確	正確[せいかく]  名・ナ形 ⓪ ・ 正確，準確
正直	正直[しょうじき]  名・副・ナ形 ④③ ・ 老實，正直
絶対	絶対[ぜったい]  名・副 ⓪ ・ 絕對；決；決（不）
戦う	戦う[たたかう]  自動1 ⓪ ・ 戰鬥；比賽；競爭
全体	全体[ぜんたい]  名 ⓪ ・ 所有，整體
組む	組む[くむ]  自他動1 ① ・ 聯合，組織，組成；交叉；交叉搭成
相手	相手[あいて]  名 ③ ・ 夥伴；對方；（競爭）對手
息	息[いき]  名 ① ・ 呼吸，氣息
他人	他人[たにん]  名 ⓪ ・ 別人；（沒有血緣關係的）外人；局外人
体育	体育[たいいく]  名 ① ・ 體育
大勢	大勢[おおぜい]  名 ③ ・ 許多人，大批人
第一	第一[だいいち]  名・副 ① ・ 第一，首先；最優秀；最重要
遅刻	遅刻[ちこく]  名・自動3 ⓪ ・ 遲到
仲間	仲間[なかま]  名 ③ ・ 朋友，夥伴；同類
昼寝	昼寝[ひるね]  名・自動3 ⓪ ・ 午睡，午覺
貯金	貯金[ちょきん]  名・自他動3 ⓪ ・ 存款，儲蓄
調子	調子[ちょうし]  名 ⓪ ・ 音調；語氣；情況；趨勢
直接	直接[ちょくせつ]  名・副・ナ形 ⓪ ・ 直接
珍しい	珍しい[めずらしい]  イ形 ④ ・ 少見的，稀罕的
痛み	痛み[いたみ]  名 ③ ・ 疼痛；悲痛，苦惱
電子	電子[でんし]  名 ① ・ 電子
努力	努力[どりょく]  名・自動3 ① ・ 努力
土	土[つち]  名 ② ・ 土地；土壤；地面
当たり前	当たり前[あたりまえ]  ナ形・名 ⓪ ・ 理所當然；普通
到着	到着[とうちゃく]  名・自動3 ⓪ ・ 到達，抵達
動かす	動かす[うごかす]  他動1 ③ ・ 啟動；移動；感動
得意	得意[とくい]  名・ナ形 ②⓪ ・ 擅長，拿手
届く	届く[とどく]  自動1 ② ・ 收到；搆得著
肌	肌[はだ]  名 ① ・ 皮膚；表皮
発見	発見[はっけん]  名・他動3 ⓪ ・ 發現
秘密	秘密[ひみつ]  ナ形・名 ⓪ ・ 秘密
品	品[ひん]  名・造 ⓪ ・ 物品；品格
不安	不安[ふあん]  名・ナ形 ⓪ ・ 不安，焦慮
不思議	不思議[ふしぎ]  名・ナ形 ⓪ ・ 不可思議
不満	不満[ふまん]  名・ナ形 ⓪ ・ 不滿，不滿意
平日	平日[へいじつ]  名 ⓪ ・ 平常日；非節假日
閉じる	閉じる[とじる]  自他動2 ② ・ 合上；結束
貿易	貿易[ぼうえき]  名・自動3 ⓪ ・ 貿易
頬	頬[ほお]  名 ① ・ 臉頰
本物	本物[ほんもの]  名 ⓪ ・ 真貨，真人；正式，正規
無事	無事[ぶじ]  名・ナ形 ⓪ ・ 平安，太平無事
命令	命令[めいれい]  名・他動3 ⓪ ・ 命令
輸出	輸出[ゆしゅつ]  名・他動3 ⓪ ・ 輸出，出口
輸入	輸入[ゆにゅう]  名・他動3 ⓪ ・ 進口
友人	友人[ゆうじん]  名 ⓪ ・ 友人，朋友
誘う	誘う[さそう]  他動1 ⓪ ・ 邀請；引發
流す	流す[ながす]  他動1 ② ・ 使流走；沖走；傳播
冷蔵	冷蔵[れいぞう]  名・他動3 ⓪ ・ 冷藏
和	和[わ]  名 ① ・ 和，和平，和睦；日本，日本式的
和食	和食[わしょく]  名 ⓪ ・ 日式飯菜
〜屋	〜屋[〜や]  接尾 ・ 從事某種買賣的店或人；具有某種性格的人
組	組[くみ]  名 ② ・ ……套，……副，……對；……班；⋯⋯組
〜的	〜的[〜てき]  接尾 ・ 像……般的；……（上）的；關於
発	発[はつ]  造 ① ・ ……出發；……發送；顆，發
部	部[ぶ]  名・接尾 ① ・ （組織部門）……部；（書、報等）……份；部分
歩	歩[ほ]  名 ① ・ ……步
アイデア	アイデア  名 ①③ ・ 想法，主意
かっこいい	かっこいい  イ形 ④ ・ 帥氣的，瀟灑的
ため	ため  名 ② ・ 有用；由於；為了
宛先	宛先[あてさき]  名 ⓪ ・ 收信人的姓名、地址
運ぶ	運ぶ[はこぶ]  自他動1 ⓪ ・ 搬運；來，去；進展
仮名	仮名[かな]  名 ⓪ ・ 假名
過ごす	過ごす[すごす]  他動1 ② ・ 度過；生活；過度
絵本	絵本[えほん]  名 ② ・ 繪本，圖畫書
救急車	救急車[きゅうきゅうしゃ]  名 ③ ・ 急救車
減る	減る[へる]  自動1 ⓪ ・ 減少；餓
自己紹介	自己紹介[じこしょうかい]  名・自動3 ③ ・ 自我介紹
辞める	辞める[やめる]  自他動2 ⓪ ・ 辭職
実は	実は[じつは]  副 ② ・ 其實，說實在的
しまい	しまい  名 ⓪ ・ 結束
笑顔	笑顔[えがお]  名 ① ・ 笑臉
進める	進める[すすめる]  他動2 ⓪ ・ 使前進；推進，前進
にんじん	にんじん  名 ⓪ ・ 紅蘿蔔
切れる	切れる[きれる]  自動2 ② ・ 斷開；用盡；到期；頭腦敏銳
接待	接待[せったい]  名・他動3 ① ・ 接待，招待
全〜	全〜[ぜん〜]  接頭 ① ・ 全……，全部……
袋	袋[ふくろ]  名 ③ ・ 包，袋
大学院	大学院[だいがくいん]  名 ④ ・ 研究所
大使館	大使館[たいしかん]  名 ③ ・ 大使館
断る	断る[ことわる]  他動1 ③ ・ 拒絕；預先通知
通す	通す[とおす]  他動1 ① ・ 穿過，通過；帶領進入；通過（考試、審議等）
電子レンジ	電子レンジ[でんしレンジ]  名 ④ ・ 微波爐
動き	動き[うごき]  名 ③ ・ 活動；動向
読み方	読み方[よみかた]  名 ③④ ・ 讀法，唸法
半年	半年[はんとし]  名 ④⓪ ・ 半年
別に	別に[べつに]  副 ⓪ ・ 並（不）
母親	母親[ははおや]  名 ⓪ ・ 母親
戻す	戻す[もどす]  他動1 ② ・ 歸還，恢復；使……倒退
夕食	夕食[ゆうしょく]  名 ⓪ ・ 晚餐
両手	両手[りょうて]  名 ⓪ ・ 雙手，兩手
雷	雷[かみなり]  名 ③④ ・ 雷，雷電
チップ	チップ  名 ① ・ 小費
パンツ	パンツ  名 ①⓪ ・ 褲子；短褲；內褲
マーケット	マーケット  名 ① ・ 市場；銷售市場
レインコート	レインコート  名 ④ ・ 雨衣
愛する	愛する[あいする]  他動3 ③ ・ 愛；愛戀；喜好
確か	確か[たしか]  ナ形・副 ① ・ 確實；好像
恐ろしい	恐ろしい[おそろしい]  イ形 ④ ・ 可怕的；驚人的
取れる	取れる[とれる]  自動2 ② ・ 掉下；消除；理解；收穫
早起き	早起き[はやおき]  名・自動3 ② ・ 早起
誕生	誕生[たんじょう]  名・自動3 ⓪ ・ 誕生；開始，成立
当然	当然[とうぜん]  ナ形・副 ⓪ ・ 當然，理所當然
名	名[な]  名 ⓪ ・ 姓名；名稱；名聲；名義
葉っぱ	葉っぱ[はっぱ]  名 ⓪ ・ 葉子
〜力	〜力[〜りょく]  接尾 ・ ……力，……能力
いろんな	いろんな  連体 ⓪ ・ 各式各樣的
だったら	だったら  接 ① ・ 那樣的話
式	式[しき]  名・接尾 ② ・ 式，儀式；方式，風格
場	場[ば]  名 ⓪ ・ 場所；場面
生む	生む[うむ]  他動1 ⓪ ・ （産）生產，分娩；（生）產生
対	対[たい]  名 ① ・ 比，對，同
大	大[だい]  名・接頭・接尾 ① ・ 大；非常；出色
大〜	大〜[おお〜]  接頭 ・ （數量）多；（程度）甚
番	番[ばん]  名 ① ・ 輪班順序；看守，值班
無	無[む]  名・接頭 ①⓪ ・ 無，沒有
名	名[めい]  接頭・接尾 ① ・ 名……，著名……；……名
両	両[りょう]  接頭・接尾 ① ・ 兩……；（列車）節
オープン	オープン  ナ形・名・自他動3 ① ・ 開業；開放
パトカー	パトカー  名 ③② ・ 警車
看護	看護[かんご]  名・他動3 ① ・ 看護，護理
エンジニア	エンジニア  名 ③ ・ 工程師
着付け	着付け[きつけ]  名 ⓪③ ・ 穿著（和服）
鳥肉	鳥肉[とりにく]  名 ⓪ ・ 雞肉
門	門[もん]  名 ① ・ 大門
彼氏	彼氏[かれし]  代・名 ① ・ 男朋友；他
気に入る	気に入る[きにいる]  成句 ⓪ ・ 稱心，稱意，中意；喜愛，喜歡
第〜	第〜[だい〜]  名 ① ・ 第
一員	一員[いちいん]  名 ⓪ ・ 一員，一分子
腕時計	腕時計[うでどけい]  名 ③ ・ 手錶，腕錶
王	王[おう]  名 ① ・ 國王；首領
役に立つ	役に立つ[やくにたつ]  成句 ・ 有用處，有幫助
死	死[し]  名 ① ・ 死，死亡，去世，逝世
警察官	警察官[けいさつかん]  名 ③④ ・ 警察，警官
体育館	体育館[たいいくかん]  名 ③④ ・ 體育館
空き缶	空き缶[あきかん]  名 ⓪ ・ 空罐
折り紙	折り紙[おりがみ]  名 ② ・ 摺紙手工
ファクス	ファクス  名・他動3 ① ・ 傳真；傳真機
ホーム	ホーム  名 ① ・ 站台，月台
やっぱり	やっぱり  副 ③ ・ 果然；到底還是
